-- MySQL Script generated by MySQL Workbench
-- Fri May 10 15:09:42 2019
-- Model: New Model    Version: 1.0
-- MySQL Workbench Forward Engineering

SET @OLD_UNIQUE_CHECKS=@@UNIQUE_CHECKS, UNIQUE_CHECKS=0;
SET @OLD_FOREIGN_KEY_CHECKS=@@FOREIGN_KEY_CHECKS, FOREIGN_KEY_CHECKS=0;
SET @OLD_SQL_MODE=@@SQL_MODE, SQL_MODE='ONLY_FULL_GROUP_BY,STRICT_TRANS_TABLES,NO_ZERO_IN_DATE,NO_ZERO_DATE,ERROR_FOR_DIVISION_BY_ZERO,NO_ENGINE_SUBSTITUTION';

-- -----------------------------------------------------
-- Schema logistics
-- -----------------------------------------------------

-- -----------------------------------------------------
-- Schema logistics
-- -----------------------------------------------------
CREATE SCHEMA IF NOT EXISTS `logistics` DEFAULT CHARACTER SET utf8 ;
USE `logistics` ;

-- -----------------------------------------------------
-- Table `logistics`.`points`
-- -----------------------------------------------------
CREATE TABLE IF NOT EXISTS `logistics`.`points` (
  `id` BIGINT NOT NULL AUTO_INCREMENT,
  `name` VARCHAR(50) NOT NULL,
  PRIMARY KEY (`id`),
  UNIQUE INDEX `name_UNIQUE` (`name` ASC) VISIBLE)
ENGINE = InnoDB;


-- -----------------------------------------------------
-- Table `logistics`.`road`
-- -----------------------------------------------------
CREATE TABLE IF NOT EXISTS `logistics`.`road` (
  `point1_id` BIGINT NOT NULL,
  `point2_id` BIGINT NOT NULL,
  `distance` DOUBLE NOT NULL,
  PRIMARY KEY (`point1_id`, `point2_id`),
  INDEX `fk_road_points2_idx` (`point2_id` ASC) VISIBLE,
  CONSTRAINT `fk_road_points1`
    FOREIGN KEY (`point1_id`)
    REFERENCES `logistics`.`points` (`id`)
    ON DELETE NO ACTION
    ON UPDATE NO ACTION,
  CONSTRAINT `fk_road_points2`
    FOREIGN KEY (`point2_id`)
    REFERENCES `logistics`.`points` (`id`)
    ON DELETE NO ACTION
    ON UPDATE NO ACTION)
ENGINE = InnoDB;


-- -----------------------------------------------------
-- Table `logistics`.`car_model`
-- -----------------------------------------------------
CREATE TABLE IF NOT EXISTS `logistics`.`car_model` (
  `id` BIGINT NOT NULL AUTO_INCREMENT,
  `name` VARCHAR(50) NOT NULL,
  `tonnage` DOUBLE NOT NULL,
  `space` DOUBLE NOT NULL,
  PRIMARY KEY (`id`),
  UNIQUE INDEX `name_UNIQUE` (`name` ASC) VISIBLE)
ENGINE = InnoDB;


-- -----------------------------------------------------
-- Table `logistics`.`users`
-- -----------------------------------------------------
CREATE TABLE IF NOT EXISTS `logistics`.`users` (
  `id` BIGINT NOT NULL AUTO_INCREMENT,
  `name` VARCHAR(50) NULL,
  `surname` VARCHAR(50) NULL,
  `phone` VARCHAR(15) NULL,
  `e_mail` VARCHAR(50) NULL,
  `username` VARCHAR(50) NOT NULL,
  `password` VARCHAR(100) NOT NULL,
  PRIMARY KEY (`id`),
  UNIQUE INDEX `username_UNIQUE` (`username` ASC) VISIBLE)
ENGINE = InnoDB;


-- -----------------------------------------------------
-- Table `logistics`.`role`
-- -----------------------------------------------------
CREATE TABLE IF NOT EXISTS `logistics`.`role` (
  `id` BIGINT NOT NULL AUTO_INCREMENT,
  `name` VARCHAR(50) NOT NULL,
  PRIMARY KEY (`id`),
  UNIQUE INDEX `name_UNIQUE` (`name` ASC) VISIBLE)
ENGINE = InnoDB;


-- -----------------------------------------------------
-- Table `logistics`.`transporter_car`
-- -----------------------------------------------------
CREATE TABLE IF NOT EXISTS `logistics`.`transporter_car` (
  `id` BIGINT NOT NULL AUTO_INCREMENT,
  `car_model_id` BIGINT NOT NULL,
  `transporter_id` BIGINT NOT NULL,
  `point_id` BIGINT NOT NULL,
  `cost_mult` DOUBLE NOT NULL,
  PRIMARY KEY (`id`),
  INDEX `fk_car_car_model_id_idx` (`car_model_id` ASC) VISIBLE,
  INDEX `fk_car_points_id_idx` (`point_id` ASC) VISIBLE,
  INDEX `fk_transporter_car_users1_idx` (`transporter_id` ASC) VISIBLE,
  CONSTRAINT `fk_car_car_model_id`
    FOREIGN KEY (`car_model_id`)
    REFERENCES `logistics`.`car_model` (`id`)
    ON DELETE NO ACTION
    ON UPDATE NO ACTION,
  CONSTRAINT `fk_car_points_id`
    FOREIGN KEY (`point_id`)
    REFERENCES `logistics`.`points` (`id`)
    ON DELETE NO ACTION
    ON UPDATE NO ACTION,
  CONSTRAINT `fk_transporter_car_users1`
    FOREIGN KEY (`transporter_id`)
    REFERENCES `logistics`.`users` (`id`)
    ON DELETE NO ACTION
    ON UPDATE NO ACTION)
ENGINE = InnoDB;


-- -----------------------------------------------------
-- Table `logistics`.`users_has_role`
-- -----------------------------------------------------
CREATE TABLE IF NOT EXISTS `logistics`.`users_has_role` (
  `users_id` BIGINT NOT NULL,
  `role_id` BIGINT NOT NULL,
  PRIMARY KEY (`users_id`, `role_id`),
  INDEX `fk_users_has_role_role1_idx` (`role_id` ASC) VISIBLE,
  INDEX `fk_users_has_role_users1_idx` (`users_id` ASC) VISIBLE,
  CONSTRAINT `fk_users_has_role_users1`
    FOREIGN KEY (`users_id`)
    REFERENCES `logistics`.`users` (`id`)
    ON DELETE NO ACTION
    ON UPDATE NO ACTION,
  CONSTRAINT `fk_users_has_role_role1`
    FOREIGN KEY (`role_id`)
    REFERENCES `logistics`.`role` (`id`)
    ON DELETE NO ACTION
    ON UPDATE NO ACTION)
ENGINE = InnoDB;


-- -----------------------------------------------------
-- Table `logistics`.`solution`
-- -----------------------------------------------------
CREATE TABLE IF NOT EXISTS `logistics`.`solution` (
  `id` BIGINT NOT NULL AUTO_INCREMENT,
  `user_id` BIGINT NOT NULL,
  `date` DATETIME NOT NULL,
  PRIMARY KEY (`id`),
  INDEX `fk_solution_users1_idx` (`user_id` ASC) VISIBLE,
  CONSTRAINT `fk_solution_users1`
    FOREIGN KEY (`user_id`)
    REFERENCES `logistics`.`users` (`id`)
    ON DELETE CASCADE
    ON UPDATE CASCADE)
ENGINE = InnoDB;


-- -----------------------------------------------------
-- Table `logistics`.`solution_has_transporter_car`
-- -----------------------------------------------------
CREATE TABLE IF NOT EXISTS `logistics`.`solution_has_transporter_car` (
  `id` BIGINT NOT NULL AUTO_INCREMENT,
  `solution_id` BIGINT NOT NULL,
  `transporter_car_id` BIGINT NOT NULL,
  PRIMARY KEY (`id`),
  INDEX `fk_solution_has_transporter_car_transporter_car1_idx` (`transporter_car_id` ASC) VISIBLE,
  INDEX `fk_solution_has_transporter_car_solution1_idx` (`solution_id` ASC) VISIBLE,
  CONSTRAINT `fk_solution_has_transporter_car_solution1`
    FOREIGN KEY (`solution_id`)
    REFERENCES `logistics`.`solution` (`id`)
    ON DELETE CASCADE
    ON UPDATE CASCADE,
  CONSTRAINT `fk_solution_has_transporter_car_transporter_car1`
    FOREIGN KEY (`transporter_car_id`)
    REFERENCES `logistics`.`transporter_car` (`id`)
    ON DELETE NO ACTION
    ON UPDATE NO ACTION)
ENGINE = InnoDB;


-- -----------------------------------------------------
-- Table `logistics`.`route`
-- -----------------------------------------------------
CREATE TABLE IF NOT EXISTS `logistics`.`route` (
  `id` BIGINT NOT NULL AUTO_INCREMENT,
  `point_id` BIGINT NOT NULL,
  `mass` DOUBLE NOT NULL,
  `cost` DOUBLE NOT NULL,
  `solution_has_transporter_car_id` BIGINT NOT NULL,
  PRIMARY KEY (`id`),
  INDEX `fk_route_points1_idx` (`point_id` ASC) VISIBLE,
  INDEX `fk_route_solution_has_transporter_car1_idx` (`solution_has_transporter_car_id` ASC) VISIBLE,
  CONSTRAINT `fk_route_points1`
    FOREIGN KEY (`point_id`)
    REFERENCES `logistics`.`points` (`id`)
    ON DELETE NO ACTION
    ON UPDATE NO ACTION,
  CONSTRAINT `fk_route_solution_has_transporter_car1`
    FOREIGN KEY (`solution_has_transporter_car_id`)
    REFERENCES `logistics`.`solution_has_transporter_car` (`id`)
    ON DELETE CASCADE
    ON UPDATE CASCADE)
ENGINE = InnoDB;


SET SQL_MODE=@OLD_SQL_MODE;
SET FOREIGN_KEY_CHECKS=@OLD_FOREIGN_KEY_CHECKS;
SET UNIQUE_CHECKS=@OLD_UNIQUE_CHECKS;

-- -----------------------------------------------------
-- Data for table `logistics`.`points`
-- -----------------------------------------------------
START TRANSACTION;
USE `logistics`;
INSERT INTO `logistics`.`points` (`id`, `name`) VALUES (1, 'Grodno');
INSERT INTO `logistics`.`points` (`id`, `name`) VALUES (2, 'Volkovysk');
INSERT INTO `logistics`.`points` (`id`, `name`) VALUES (3, 'Skidzel');
INSERT INTO `logistics`.`points` (`id`, `name`) VALUES (4, 'Mosty');
INSERT INTO `logistics`.`points` (`id`, `name`) VALUES (5, 'Shchuchin');
INSERT INTO `logistics`.`points` (`id`, `name`) VALUES (6, 'Lida');
INSERT INTO `logistics`.`points` (`id`, `name`) VALUES (7, 'Minsk');
INSERT INTO `logistics`.`points` (`id`, `name`) VALUES (8, 'Baranovichi');
INSERT INTO `logistics`.`points` (`id`, `name`) VALUES (9, 'Slonim');
INSERT INTO `logistics`.`points` (`id`, `name`) VALUES (10, 'Svisloch');
INSERT INTO `logistics`.`points` (`id`, `name`) VALUES (11, 'Pruzany');
INSERT INTO `logistics`.`points` (`id`, `name`) VALUES (12, 'Brest');
INSERT INTO `logistics`.`points` (`id`, `name`) VALUES (13, 'Kobrin');
INSERT INTO `logistics`.`points` (`id`, `name`) VALUES (14, 'Pinsk');
INSERT INTO `logistics`.`points` (`id`, `name`) VALUES (15, 'Mozyr');
INSERT INTO `logistics`.`points` (`id`, `name`) VALUES (16, 'Gomel');
INSERT INTO `logistics`.`points` (`id`, `name`) VALUES (17, 'Bobruisk');
INSERT INTO `logistics`.`points` (`id`, `name`) VALUES (18, 'Mogilev');
INSERT INTO `logistics`.`points` (`id`, `name`) VALUES (19, 'Orsha');
INSERT INTO `logistics`.`points` (`id`, `name`) VALUES (20, 'Vitebsk');

COMMIT;


-- -----------------------------------------------------
-- Data for table `logistics`.`road`
-- -----------------------------------------------------
START TRANSACTION;
USE `logistics`;
INSERT INTO `logistics`.`road` (`point1_id`, `point2_id`, `distance`) VALUES (1, 3, 33);
INSERT INTO `logistics`.`road` (`point1_id`, `point2_id`, `distance`) VALUES (2, 3, 55);
INSERT INTO `logistics`.`road` (`point1_id`, `point2_id`, `distance`) VALUES (3, 4, 33);
INSERT INTO `logistics`.`road` (`point1_id`, `point2_id`, `distance`) VALUES (3, 5, 38);
INSERT INTO `logistics`.`road` (`point1_id`, `point2_id`, `distance`) VALUES (5, 6, 52);
INSERT INTO `logistics`.`road` (`point1_id`, `point2_id`, `distance`) VALUES (6, 7, 170);
INSERT INTO `logistics`.`road` (`point1_id`, `point2_id`, `distance`) VALUES (7, 8, 150);
INSERT INTO `logistics`.`road` (`point1_id`, `point2_id`, `distance`) VALUES (8, 9, 54);
INSERT INTO `logistics`.`road` (`point1_id`, `point2_id`, `distance`) VALUES (2, 9, 61);
INSERT INTO `logistics`.`road` (`point1_id`, `point2_id`, `distance`) VALUES (1, 10, 81);
INSERT INTO `logistics`.`road` (`point1_id`, `point2_id`, `distance`) VALUES (10, 11, 76);
INSERT INTO `logistics`.`road` (`point1_id`, `point2_id`, `distance`) VALUES (11, 12, 85);
INSERT INTO `logistics`.`road` (`point1_id`, `point2_id`, `distance`) VALUES (12, 13, 49);
INSERT INTO `logistics`.`road` (`point1_id`, `point2_id`, `distance`) VALUES (13, 14, 130);
INSERT INTO `logistics`.`road` (`point1_id`, `point2_id`, `distance`) VALUES (14, 15, 250);
INSERT INTO `logistics`.`road` (`point1_id`, `point2_id`, `distance`) VALUES (15, 16, 140);
INSERT INTO `logistics`.`road` (`point1_id`, `point2_id`, `distance`) VALUES (16, 17, 160);
INSERT INTO `logistics`.`road` (`point1_id`, `point2_id`, `distance`) VALUES (7, 17, 150);
INSERT INTO `logistics`.`road` (`point1_id`, `point2_id`, `distance`) VALUES (7, 18, 200);
INSERT INTO `logistics`.`road` (`point1_id`, `point2_id`, `distance`) VALUES (7, 19, 220);
INSERT INTO `logistics`.`road` (`point1_id`, `point2_id`, `distance`) VALUES (19, 20, 80);
INSERT INTO `logistics`.`road` (`point1_id`, `point2_id`, `distance`) VALUES (18, 19, 79);
INSERT INTO `logistics`.`road` (`point1_id`, `point2_id`, `distance`) VALUES (18, 16, 180);
INSERT INTO `logistics`.`road` (`point1_id`, `point2_id`, `distance`) VALUES (17, 18, 120);
INSERT INTO `logistics`.`road` (`point1_id`, `point2_id`, `distance`) VALUES (2, 14, 270);
INSERT INTO `logistics`.`road` (`point1_id`, `point2_id`, `distance`) VALUES (8, 15, 310);
INSERT INTO `logistics`.`road` (`point1_id`, `point2_id`, `distance`) VALUES (8, 14, 170);
INSERT INTO `logistics`.`road` (`point1_id`, `point2_id`, `distance`) VALUES (9, 14, 150);
INSERT INTO `logistics`.`road` (`point1_id`, `point2_id`, `distance`) VALUES (6, 9, 100);
INSERT INTO `logistics`.`road` (`point1_id`, `point2_id`, `distance`) VALUES (15, 17, 140);

COMMIT;


-- -----------------------------------------------------
-- Data for table `logistics`.`car_model`
-- -----------------------------------------------------
START TRANSACTION;
USE `logistics`;
INSERT INTO `logistics`.`car_model` (`id`, `name`, `tonnage`, `space`) VALUES (1, 'MAZ-5440', 40, 40);
INSERT INTO `logistics`.`car_model` (`id`, `name`, `tonnage`, `space`) VALUES (2, 'Hyundai Mighty', 3.5, 20);
INSERT INTO `logistics`.`car_model` (`id`, `name`, `tonnage`, `space`) VALUES (3, 'КамАЗ-65207', 35, 40);
INSERT INTO `logistics`.`car_model` (`id`, `name`, `tonnage`, `space`) VALUES (4, 'CITROEN JUMPER', 2, 8);
INSERT INTO `logistics`.`car_model` (`id`, `name`, `tonnage`, `space`) VALUES (5, 'FIAT DUCATO', 2.2, 8);
INSERT INTO `logistics`.`car_model` (`id`, `name`, `tonnage`, `space`) VALUES (6, 'IVECO EUROCARGO', 25, 30);
INSERT INTO `logistics`.`car_model` (`id`, `name`, `tonnage`, `space`) VALUES (7, 'IVECO DAILY', 2.5, 10);
INSERT INTO `logistics`.`car_model` (`id`, `name`, `tonnage`, `space`) VALUES (8, 'IVECO STRALIS', 50, 73);
INSERT INTO `logistics`.`car_model` (`id`, `name`, `tonnage`, `space`) VALUES (9, 'VOLVO FL6', 18, 43);
INSERT INTO `logistics`.`car_model` (`id`, `name`, `tonnage`, `space`) VALUES (10, 'ISUZU FORWARD', 15, 39);
INSERT INTO `logistics`.`car_model` (`id`, `name`, `tonnage`, `space`) VALUES (11, 'Volkswagen Crafter', 12, 26);

COMMIT;


-- -----------------------------------------------------
-- Data for table `logistics`.`users`
-- -----------------------------------------------------
START TRANSACTION;
USE `logistics`;
INSERT INTO `logistics`.`users` (`id`, `name`, `surname`, `phone`, `e_mail`, `username`, `password`) VALUES (1, 'Iosif', 'Stalin', '+666 66666', 'lichnost@kult.ru', 'ubivator', '$2a$10$9fmcCbo/4L0ux2qIrm0o7OUHSbyZZcSQWa7cXJPCEo7FpvsQ.iEKS');
INSERT INTO `logistics`.`users` (`id`, `name`, `surname`, `phone`, `e_mail`, `username`, `password`) VALUES (2, 'Lev', 'Trozki', '+666 78921', 'ledorub@kill.ar', 'sidel', '$2a$10$hO9dpWP0D7S1f3SmhNGgAuugjIOqWCP/RkSvXUM2hTpPIIJNw5yWm');
INSERT INTO `logistics`.`users` (`id`, `name`, `surname`, `phone`, `e_mail`, `username`, `password`) VALUES (3, 'Nikita', 'Khrushchev', '+666 98765', 'razveyal@kult.ru', 'kuzya', '$2a$10$QCvvrZrTeSFSoO1S6bZLEeo6nXKtXtJiD5Q9gTPx/E6IHpOZGLPGa');
INSERT INTO `logistics`.`users` (`id`, `name`, `surname`, `phone`, `e_mail`, `username`, `password`) VALUES (4, 'Leonid', 'Breznev', '+666 43210', 'vzasos@kiss.ru', 'brovi', '$2a$10$UJWH/yrJXWo8n8iiXwjJiOcpBRFKix7IjFROsR7RNLyk.snQXFV5m');
INSERT INTO `logistics`.`users` (`id`, `name`, `surname`, `phone`, `e_mail`, `username`, `password`) VALUES (5, 'Leonid', 'Lenin', '+666 97531', 'zavaril@kashu.ru', 'kartavy', '$2a$10$CIYVDYdRzQgg3vIub8L3rO0leUIsABdGIAoh54U7DkYum7aMbHCdG');
INSERT INTO `logistics`.`users` (`id`, `name`, `surname`, `phone`, `e_mail`, `username`, `password`) VALUES (6, 'Mikhail', 'Gorbachev', '+666 00000', 'razvalil@stranu.ru', 'pere', '$2a$10$j26niQSm4qKlKh0ghFMN6uO.KOWIwtdxMJf62LKUaPN5ofVH9s4Xa');

COMMIT;


-- -----------------------------------------------------
-- Data for table `logistics`.`role`
-- -----------------------------------------------------
START TRANSACTION;
USE `logistics`;
INSERT INTO `logistics`.`role` (`id`, `name`) VALUES (1, 'ROLE_ADMIN');
INSERT INTO `logistics`.`role` (`id`, `name`) VALUES (2, 'ROLE_TRANSPORTER');
INSERT INTO `logistics`.`role` (`id`, `name`) VALUES (3, 'ROLE_SUPPLIER');

COMMIT;


-- -----------------------------------------------------
-- Data for table `logistics`.`transporter_car`
-- -----------------------------------------------------
START TRANSACTION;
USE `logistics`;
INSERT INTO `logistics`.`transporter_car` (`id`, `car_model_id`, `transporter_id`, `point_id`, `cost_mult`) VALUES (1, 1, 2, 1, 156);
INSERT INTO `logistics`.`transporter_car` (`id`, `car_model_id`, `transporter_id`, `point_id`, `cost_mult`) VALUES (2, 2, 5, 1, 28.25);
INSERT INTO `logistics`.`transporter_car` (`id`, `car_model_id`, `transporter_id`, `point_id`, `cost_mult`) VALUES (3, 3, 6, 1, 138.5);
INSERT INTO `logistics`.`transporter_car` (`id`, `car_model_id`, `transporter_id`, `point_id`, `cost_mult`) VALUES (4, 4, 2, 1, 23);
INSERT INTO `logistics`.`transporter_car` (`id`, `car_model_id`, `transporter_id`, `point_id`, `cost_mult`) VALUES (5, 5, 5, 6, 23.7);
INSERT INTO `logistics`.`transporter_car` (`id`, `car_model_id`, `transporter_id`, `point_id`, `cost_mult`) VALUES (6, 6, 6, 9, 103.5);
INSERT INTO `logistics`.`transporter_car` (`id`, `car_model_id`, `transporter_id`, `point_id`, `cost_mult`) VALUES (7, 7, 2, 2, 24.75);
INSERT INTO `logistics`.`transporter_car` (`id`, `car_model_id`, `transporter_id`, `point_id`, `cost_mult`) VALUES (8, 8, 5, 1, 191);
INSERT INTO `logistics`.`transporter_car` (`id`, `car_model_id`, `transporter_id`, `point_id`, `cost_mult`) VALUES (9, 9, 6, 3, 79);
INSERT INTO `logistics`.`transporter_car` (`id`, `car_model_id`, `transporter_id`, `point_id`, `cost_mult`) VALUES (10, 10, 2, 1, 68.5);
INSERT INTO `logistics`.`transporter_car` (`id`, `car_model_id`, `transporter_id`, `point_id`, `cost_mult`) VALUES (11, 11, 6, 2, 58);
INSERT INTO `logistics`.`transporter_car` (`id`, `car_model_id`, `transporter_id`, `point_id`, `cost_mult`) VALUES (12, 9, 5, 2, 79);
INSERT INTO `logistics`.`transporter_car` (`id`, `car_model_id`, `transporter_id`, `point_id`, `cost_mult`) VALUES (13, 7, 6, 3, 24.75);
INSERT INTO `logistics`.`transporter_car` (`id`, `car_model_id`, `transporter_id`, `point_id`, `cost_mult`) VALUES (14, 4, 2, 7, 23);
INSERT INTO `logistics`.`transporter_car` (`id`, `car_model_id`, `transporter_id`, `point_id`, `cost_mult`) VALUES (15, 3, 5, 7, 138.5);
INSERT INTO `logistics`.`transporter_car` (`id`, `car_model_id`, `transporter_id`, `point_id`, `cost_mult`) VALUES (16, 2, 2, 7, 28);
INSERT INTO `logistics`.`transporter_car` (`id`, `car_model_id`, `transporter_id`, `point_id`, `cost_mult`) VALUES (17, 3, 6, 9, 138);
INSERT INTO `logistics`.`transporter_car` (`id`, `car_model_id`, `transporter_id`, `point_id`, `cost_mult`) VALUES (18, 8, 5, 7, 190);
INSERT INTO `logistics`.`transporter_car` (`id`, `car_model_id`, `transporter_id`, `point_id`, `cost_mult`) VALUES (19, 6, 5, 1, 105);
INSERT INTO `logistics`.`transporter_car` (`id`, `car_model_id`, `transporter_id`, `point_id`, `cost_mult`) VALUES (20, 4, 5, 4, 24);
INSERT INTO `logistics`.`transporter_car` (`id`, `car_model_id`, `transporter_id`, `point_id`, `cost_mult`) VALUES (21, 6, 6, 2, 100);

COMMIT;


-- -----------------------------------------------------
-- Data for table `logistics`.`users_has_role`
-- -----------------------------------------------------
START TRANSACTION;
USE `logistics`;
INSERT INTO `logistics`.`users_has_role` (`users_id`, `role_id`) VALUES (1, 1);
INSERT INTO `logistics`.`users_has_role` (`users_id`, `role_id`) VALUES (2, 1);
INSERT INTO `logistics`.`users_has_role` (`users_id`, `role_id`) VALUES (2, 2);
INSERT INTO `logistics`.`users_has_role` (`users_id`, `role_id`) VALUES (3, 3);
INSERT INTO `logistics`.`users_has_role` (`users_id`, `role_id`) VALUES (4, 3);
INSERT INTO `logistics`.`users_has_role` (`users_id`, `role_id`) VALUES (5, 1);
INSERT INTO `logistics`.`users_has_role` (`users_id`, `role_id`) VALUES (5, 2);
INSERT INTO `logistics`.`users_has_role` (`users_id`, `role_id`) VALUES (6, 2);

COMMIT;

